Time,Country,Access to clean fuels and technologies for cooking,GDP per capita (constant 2015 US$),"Life expectancy at birth, total (years) ","Literacy rate, adult total",Access to electricity,"Employment to population ratio, 15+",CO2 emissions ,Mobile cellular subscriptions ,Poverty headcount ratio at $2.15 a day 
1994,Andorra,,28144.38762,,,100,,6.663237053,1.284466799,
1994,Austria,,32962.81742,76.4195122,,100,56.975,7.344674059,3.505812272,0.2
1994,Burundi,,408.4193162,44.08,,,,0.037698643,0.006766423,
1994,Cameroon,,1048.987213,53.528,,34.99950409,,0.359510438,0.012452465,
1994,"Gambia, The",,633.5704196,54.721,,18.25004959,,0.171824441,0.067336605,
1994,Iceland,,,79.24707317,,100,75.151,7.85892843,8.205496124,
1994,"Korea, Dem. People's Rep.",,,70.718,,,,3.782481291,0,
1994,"Korea, Rep.",,12358.51802,73.39756098,,99.98912048,60.062,7.936041185,2.126074209,
1994,Malta,,11689.76554,76.49985366,,100,,6.688954287,1.981176185,
1994,Moldova,,,65.07,,100,,4.764210629,0,
1994,New Caledonia,,,70.67317073,,99.96508026,,,0,
1994,Norway,,56343.01054,77.6897561,,100,64.85,7.935317263,13.56959375,
1994,Portugal,,15193.05474,74.91463415,,100,54.527,4.734302321,1.731944488,
1994,Somalia,,,50.327,,,,0.090964892,0,
1994,Bhutan,,892.6324124,58.635,,,,0.395004412,0,
1994,Ghana,,915.2893077,56.112,,30.36940575,,0.171036029,0.019576484,
1994,Canada,,32087.02853,77.87170732,,100,58.382,15.06050396,6.437896665,1
1994,Guinea,,562.316641,49.171,,,,0.154486739,0.01118132,40.8
1995,Andorra,,28051.4032,,,100,,6.754131706,4.489257564,
1995,Austria,,33790.48499,76.66829268,,100,56.846,7.698069947,4.825981063,0
1995,Burundi,,354.1161809,44.059,,,,0.036559571,0.0095065,
1995,Cameroon,,1049.706663,53.222,,36.14777374,,0.354195052,0.021193421,
1995,"Gambia, The",,620.4930816,55.464,,19.92144394,,0.174615889,0.116088572,
1995,Iceland,,34188.35059,77.98439024,,100,77.975,7.481792214,11.53724022,
1995,"Korea, Dem. People's Rep.",,,60.894,,,,3.495216733,0,
1995,"Korea, Rep.",,13411.11192,73.7,,100,60.657,8.546915861,3.615707017,
1995,Malta,,12344.82635,77.2902439,87.86869812,100,,6.302809345,2.825993589,
1995,Moldova,,1512.157196,65.099,,100,,4.111302993,0.000313815,
1995,New Caledonia,,,72.0097561,,100,,,0.413117611,
1995,Norway,,58380.56847,77.73658537,,100,65.04,7.888907649,22.5104391,0.5
1995,Portugal,,15788.98311,75.31219512,,100,54.03,5.056085191,3.391071437,
1995,Somalia,,,50.6,,,,0.08296988,0,
1995,Bhutan,,944.4075556,59.516,,,,0.466375754,0,
1995,Ghana,,931.1804337,56.565,,32.4504509,,0.182603533,0.035552754,
1995,Canada,,32612.23203,77.97731707,,100,58.673,15.29046634,8.842031473,0.7
1995,Guinea,,571.9827514,49.866,,,,0.155523036,0.012720352,
1996,Andorra,,28797.86673,,,100,,7.08273185,8.555349432,
1996,Austria,,34537.73957,76.87073171,,100,55.722,8.15463769,7.523308814,0
1996,Burundi,,325.9119164,44.373,,,,0.037652767,0.009459562,
1996,Cameroon,,1064.646045,52.82,,37.29332352,62.84,0.350297348,0.025782073,50.4
1996,"Gambia, The",,615.9839026,56.009,,21.59011841,,0.171921787,0.242050865,
1996,Iceland,,35557.27725,78.77780488,,100,78.236,8.429100537,17.39083586,
1996,"Korea, Dem. People's Rep.",,,60.956,,,,3.036147805,0,
1996,"Korea, Rep.",,14332.13672,74.15121951,,100,60.834,9.005890673,6.966660745,
1996,Malta,,12727.29915,77.34146341,,100,,6.118108474,3.24448632,
1996,Moldova,,1426.139375,64.241,,100,38.45,3.529577819,0.02076658,
1996,New Caledonia,,,71.99756098,96.13791656,100,41.46,,1.009378399,
1996,Norway,,61005.90835,78.1504878,,100,67.488,7.896472674,28.79018877,
1996,Portugal,,16280.93715,75.26097561,,100,53.511,4.843279648,6.578849672,
1996,Somalia,,,50.447,,,,0.076976092,0,
1996,Bhutan,,978.49497,60.212,,,,0.551745694,0,
1996,Ghana,,951.9227951,56.82,,34.52877045,,0.195208364,0.071542215,
1996,Canada,,32795.66535,78.2202439,,100,58.451,15.59261401,11.81927704,0.2
1996,Guinea,,580.8000659,50.544,20.55374908,,,0.160143379,0.012364775,
1997,Andorra,,31149.37029,,,100,,7.194088,13.32364491,
1997,Austria,,35220.88774,77.3195122,,100,55.426,8.06021204,14.5561248,0.2
1997,Burundi,,321.0896907,45.387,,,,0.038184549,0.010449264,
1997,Cameroon,,1083.64161,52.737,,38.4354744,,0.348779634,0.030126572,
1997,"Gambia, The",,627.5563464,56.06,,23.25539207,,0.174107556,0.359452757,
1997,Iceland,,37302.66803,78.88536585,,100,77.079,7.94447641,24.08938811,
1997,"Korea, Dem. People's Rep.",,,60.974,,,,2.892925962,0,
1997,"Korea, Rep.",,15074.48834,74.60243902,,100,60.867,9.392904753,14.96611806,
1997,Malta,,13295.37065,77.73902439,,100,,6.451562341,4.549709648,
1997,Moldova,,1454.999977,65.172,,100,,3.262620074,0.050070668,13
1997,New Caledonia,,,71.73902439,,100,,,2.493990529,
1997,Norway,,63882.4765,78.14268293,,100,69.318,8.295618068,38.06210834,
1997,Portugal,,16921.72194,75.41219512,,100,53.947,5.038254613,14.87538336,
1997,Somalia,,,50.195,,,,0.070685011,0,
1997,Bhutan,,1013.40931,60.852,,,,0.697009317,0,
1997,Ghana,,968.8460383,57.199,,36.60369492,,0.197317282,0.119695381,
1997,Canada,,33861.1471,78.41243902,,100,58.968,15.94384836,14.03819836,0.2
1997,Guinea,,598.4561102,51.356,,,,0.164469196,0.036568544,
1998,Andorra,,31895.99577,,,100,,7.531924033,21.65649066,
1998,Austria,,36442.28823,77.67073171,,100,55.598,8.107660865,28.74798987,0.2
1998,Burundi,,330.1289307,46.552,,3.9,84.9,0.038523099,0.010272826,79.4
1998,Cameroon,,1105.245204,52.582,,40.7,,0.352123032,0.034929378,
1998,"Gambia, The",,630.7529454,56.554,,24.91658783,,0.18057955,0.372219506,74.1
1998,Iceland,,39622.60698,79.60243902,,100,78.824,7.857703241,38.01884901,
1998,"Korea, Dem. People's Rep.",,,60.906,,,,2.645915702,0,
1998,"Korea, Rep.",,14198.38627,75.00487805,,100,56.399,7.919526779,30.31034269,
1998,Malta,,13886.29236,77.58780488,,100,,6.162938277,5.740645431,
1998,Moldova,,1360.360525,65.505,,100,44.96,2.946654552,0.160788913,24
1998,New Caledonia,,,74.37560976,,100,,,6.129086841,
1998,Norway,,65197.94631,78.32926829,,100,71.104,8.54965763,46.75432049,
1998,Portugal,,17645.90583,75.71219512,,100,57.778,5.47239443,30.20441744,
1998,Somalia,,,50.66,,,,0.064330257,0,
1998,Bhutan,,1053.54196,61.549,,,,0.677420339,0,
1998,Ghana,,990.175027,57.6,,42.6,61,0.290611,0.223102599,55
1998,Canada,,34889.67131,78.62365854,,100,59.735,16.07657167,17.73439489,0.5
1998,Guinea,,608.6440228,52.049,,,,0.17048387,0.269838956,
1999,Andorra,,32966.25233,,,100,,7.812961694,31.37613282,
1999,Austria,,37664.94328,77.87560976,,100,56.215,7.889457434,53.18724835,0.2
1999,Burundi,,319.1358008,47.528,,2.070949316,,0.037830613,0.012944607,
1999,Cameroon,,1124.900477,52.695,,40.70677567,,0.325764256,0.040819178,
1999,"Gambia, The",,651.7491895,56.816,,26.57294083,,0.186108261,0.380021754,
1999,Iceland,,40725.88604,79.35121951,,100,80.937,7.626297403,62.17501243,
1999,"Korea, Dem. People's Rep.",,,60.798,,,,2.87079686,0,
1999,"Korea, Rep.",,15714.41195,75.4097561,,100,56.753,8.620916931,50.39230494,
1999,Malta,,14455.76476,77.5,,100,,6.216039094,9.480481436,
1999,Moldova,,1316.605709,65.561,,100,,2.508818947,0.418221638,33.5
1999,New Caledonia,,,73.87560976,,100,,,11.72173657,
1999,Norway,,66094.73546,78.28292683,,100,71.132,8.898066816,59.70226855,
1999,Portugal,,18231.83976,75.96341463,,100,57.884,6.088143194,45.64926761,
1999,Somalia,,,50.525,,,,0.059467022,0,
1999,Bhutan,,1110.067304,62.23,,,,0.662936304,0,
1999,Ghana,,1008.833684,58.03,,40.74053955,80.8,0.303434501,0.365160156,
1999,Canada,,36393.96369,78.83902439,,100,60.56,16.25847341,22.73384365,0.5
1999,Guinea,,617.7513982,52.356,,16.4,,0.175402822,0.308040578,
2000,Andorra,100,33901.1929,,,100,,7.927016355,35.61832431,
2000,Austria,100,38842.89052,78.12682927,,100,55.962,7.930858961,76.36296088,0
2000,Burundi,0.3,310.0067109,47.514,59.30361938,2.538277864,,0.041631927,0.258733033,
2000,Cameroon,10,1137.624527,52.932,68.4091568,41,,0.34516566,0.684347856,
2000,"Gambia, The",3.6,667.9653792,56.942,36.81772995,34.3,,0.170291032,0.389554649,
2000,Iceland,100,42174.66506,79.65365854,,100,82.223,7.913941786,76.3499158,
2000,"Korea, Dem. People's Rep.",1.8,,60.763,,,,3.07368163,0,
2000,"Korea, Rep.",100,16995.55919,75.9097561,,100,59.067,9.514045353,57.31396784,
2000,Malta,100,17189.56549,78.34878049,,100,46.541,5.458269566,28.66747493,
2000,Moldova,64.4,1347.092841,66.417,96.65380096,98.7317276,54.796,2.294140737,3.269378181,31.1
2000,New Caledonia,,,75.16341463,,100,,,22.54612096,
2000,Norway,100,67846.59685,78.63414634,,100,71.244,7.633790228,71.78479169,0.2
2000,Portugal,100,18795.03115,76.31463415,,100,58.488,5.99240148,64.70432962,
2000,Somalia,0.4,,50.66,,2.109353542,,0.055793379,0.917277086,
2000,Bhutan,27.6,1115.625334,62.01,,31.15,,0.662185567,0,
2000,Ghana,6.3,1020.162204,58.195,57.89746857,43.7,66.813,0.251684396,0.661284924,
2000,Canada,100,37923.48646,79.16682927,,100,61.272,16.75746674,28.44217078,0.2
2000,Guinea,0.7,620.9044564,52.479,,15.15579319,,0.179309814,0.505123746,
2001,Andorra,100,35722.54567,,,100,,7.725626659,43.39280448,
2001,Austria,100,39184.8086,78.57560976,,100,55.904,8.444656269,81.35950603,
2001,Burundi,0.3,308.645199,48.431,,2.832107544,,0.032509869,0.516817207,
2001,Cameroon,10.8,1156.050391,53.142,,46.2,57.1,0.332841657,2.693398217,25.7
2001,"Gambia, The",3.5,686.6876858,57.043,,29.92190552,,0.208591171,3.723345651,
2001,Iceland,100,43288.0763,80.6902439,,100,81.945,7.591343589,86.99086377,
2001,"Korea, Dem. People's Rep.",2,,60.745,,,,3.163637657,0,
2001,"Korea, Rep.",100,17684.05038,76.41219512,,100,59.59,9.640540826,61.71406693,
2001,Malta,100,16860.52296,78.84390244,,99.99806213,46.751,6.33313657,59.53370865,
2001,Moldova,67.8,1432.46529,66.787,,98.7572403,53.677,2.404892166,5.356503903,23.3
2001,New Caledonia,,,74.83170732,,100,,,30.05349865,
2001,Norway,100,68899.5269,78.78536585,,100,71.092,7.695417846,79.59651016,
2001,Portugal,100,19025.69569,76.81463415,,100,59.076,5.923501566,76.91550537,
2001,Somalia,0.4,,50.74,,4.68638134,,0.056169575,0.93707828,
2001,Bhutan,31.2,1176.653268,63.444,,40.24427795,,0.628794133,0,
2001,Ghana,6.9,1033.121359,58.107,,44.83725739,,0.269588732,1.207180166,
2001,Canada,100,38185.21967,79.39804878,,100,61.149,16.33143678,34.34855145,0.2
2001,Guinea,0.8,635.331826,52.662,,16.42102432,,0.185715434,0.659150668,
2002,Andorra,100,35749.94571,,,100,,7.498764979,46.28218157,
2002,Austria,100,39636.48261,78.67804878,,100,56.101,8.583836811,83.37673809,
2002,Burundi,0.3,313.4864059,49.891,,3.117390394,,0.032802231,0.782079785,
2002,Cameroon,11.8,1175.871674,53.415,,44.03639221,,0.322564368,4.408103213,
2002,"Gambia, The",3.5,645.7017321,57.08,,31.54257584,,0.194583842,6.569339709,
2002,Iceland,100,43143.46058,80.50243902,,100,80.315,7.803793088,90.49333213,
2002,"Korea, Dem. People's Rep.",2.3,,60.792,,,,3.011962183,0,
2002,"Korea, Rep.",100,18940.38422,76.76585366,,100,60.545,9.675782441,68.34749881,
2002,Malta,100,17164.59839,78.73902439,,100,46.891,5.855003801,68.41109071,
2002,Moldova,71.3,1547.777776,66.938,,99,53.308,2.467004536,8.154633404,13.6
2002,New Caledonia,,,75.10243902,,100,,,34.72237293,
2002,Norway,100,69472.98367,78.98780488,,100,71.13,7.575979599,83.50890769,
2002,Portugal,100,19067.65543,77.06585366,,100,59.224,6.29627863,83.11831542,
2002,Somalia,0.4,,50.731,,7.4,,0.060673016,1.062574706,
2002,Bhutan,34.9,1272.631803,64.078,,44.1191864,,0.664762668,0,
2002,Ghana,7.6,1050.344019,58.608,,46.83095932,,0.321302402,1.863228278,
2002,Canada,100,38912.20974,79.53073171,,100,61.737,16.72041069,37.90258971,0.2
2002,Guinea,0.8,657.8567571,53.278,,17.67770958,61.486,0.190083926,1.05822129,53.2
2003,Andorra,100,37250.31269,,,100,,7.238069466,70.21296747,
2003,Austria,100,39815.22195,78.63170732,,100,56.325,9.169316756,89.58013346,0.3
2003,Burundi,0.3,300.086153,50.857,,3.401133537,,0.024953191,0.932829566,
2003,Cameroon,12.8,1206.610512,53.883,,45.09002686,,0.318325561,6.585413547,
2003,"Gambia, The",3.3,670.6609409,57.586,,27.8,,0.189113281,9.532279824,50.7
2003,Iceland,100,43763.77561,80.96341463,,100,79.762,7.689977584,96.50415285,0
2003,"Korea, Dem. People's Rep.",2.6,,69.546,,,,3.058577755,0,
2003,"Korea, Rep.",100,19435.49341,77.21463415,,100,59.813,9.686601174,70.6603768,
2003,Malta,100,17746.78468,78.54634146,,100,46.554,6.543195629,71.26528867,
2003,Moldova,74.6,1654.583903,67.419,,98.78961945,53.596,2.674774507,11.62540529,5.6
2003,New Caledonia,,,75.27073171,,100,,,41.38014786,
2003,Norway,100,69719.31227,79.3902439,,100,69.733,8.146326663,88.95247425,0.2
2003,Portugal,100,18819.44374,77.2195122,,100,58.184,5.786847294,95.50631584,0.9
2003,Somalia,0.5,,50.614,,9.821804047,,0.059180505,2.049541518,
2003,Bhutan,38.5,1338.508646,64.696,,41.1,,0.595200015,0.35532683,13.4
2003,Ghana,8.1,1075.371878,59.111,,48.3,,0.299162935,3.729709922,
2003,Canada,100,39257.7619,79.71512195,,100,62.444,17.20835919,42.03425423,0.2
2003,Guinea,0.8,651.305257,53.678,29.70401955,18.9328537,,0.194693405,1.271053027,
2004,Andorra,100,38696.51279,,,100,,7.286756008,75.86601328,
2004,Austria,100,40651.22662,79.1804878,,100,54.576,9.275870702,97.80672818,0.1
2004,Burundi,0.3,303.11967,52.01,,3.690343857,,0.022414169,1.412261168,
2004,Cameroon,13.8,1256.69365,54.178,,47.1,,0.304746027,9.107210028,
2004,"Gambia, The",3.3,697.4724524,58.088,,34.78630066,,0.195134054,10.85456434,
2004,Iceland,100,46766.01687,80.99756098,,100,78.586,7.908920342,99.21603503,0.2
2004,"Korea, Dem. People's Rep.",2.9,,69.437,,,,3.103424662,0,
2004,"Korea, Rep.",100,20364.75997,77.66585366,,100,60.547,10.10574342,76.65647019,
2004,Malta,100,17652.71812,79.25365854,,100,45.447,6.474475911,74.86998469,
2004,Moldova,77.9,1781.425746,67.861,,99.1,51.6,2.685027018,19.4465228,6.6
2004,New Caledonia,,,75.47073171,,100,48.52,,48.79257822,
2004,Norway,100,72091.0133,79.84146341,,100,69.471,8.134915536,98.52955299,0.3
2004,Portugal,100,19110.32084,77.67073171,,100,57.632,5.926137327,100.6625516,0.5
2004,Somalia,0.5,,50.538,,12.39421177,,0.057080142,4.942003611,
2004,Bhutan,42.8,1385.39643,65.268,,51.8713913,,0.482329755,2.94434846,
2004,Ghana,9.05,1105.685636,59.191,,50.820755,,0.270459231,7.737449309,
2004,Canada,100,40093.80734,79.99219512,,100,62.638,16.79418597,47.06742374,0.2
2004,Guinea,0.8,652.50422,54.117,,20.19346619,,0.197845361,1.728594195,
2005,Andorra,100,39307.15932,,,100,,7.206273645,80.87590509,
2005,Austria,100,41281.27076,79.33170732,,100,55.135,9.266405512,105.3234981,0.2
2005,Burundi,0.3,294.7387734,53.023,,3.207317073,,0.021789518,2.070680864,
2005,Cameroon,14.7,1250.058883,54.362,,47.2206955,,0.290376286,13.03899105,
2005,"Gambia, The",3.3,661.3219111,58.394,,30.4562675,,0.198449982,14.90500901,
2005,Iceland,100,48850.76586,81.50243902,,100,79.281,7.620461423,95.31357313,0
2005,"Korea, Dem. People's Rep.",3.3,,69.285,,,,3.223030497,0,
2005,"Korea, Rep.",100,21197.19909,78.16829268,,100,60.376,9.982494185,80.06403189,
2005,Malta,100,18134.05204,79.3,92.36309052,100,45.675,6.503662396,78.97944457,
2005,Moldova,81.1,1919.697986,68.169,,98.6,51.727,2.829921235,27.2355901,10.9
2005,New Caledonia,,,75.72195122,,100,,,55.44909784,
2005,Norway,100,73524.25492,80.04146341,,100,69.03,7.865911966,102.8281314,0.2
2005,Portugal,100,19224.03465,78.07073171,,100,57.171,6.233623051,108.7804944,0.5
2005,Somalia,0.6,,50.661,,14.97909451,,0.055468024,4.776784674,
2005,Bhutan,46.6,1456.479788,65.805,52.81468964,59.80811164,58.59,0.596119839,5.427220223,
2005,Ghana,9.95,1140.186427,59.76,,41.25,,0.281420358,12.77755372,42.5
2005,Canada,100,40989.52682,80.11268293,,100,62.604,17.0275681,52.82047544,0.2
2005,Guinea,0.8,658.8943813,54.632,,20.2,,0.200829005,2.067807907,
2006,Andorra,100,40994.46687,,,100,,6.805400082,86.01844926,
2006,Austria,100,42496.35105,79.8804878,,100,55.834,8.962101511,112.2552739,0.1
2006,Burundi,0.3,299.7691208,53.869,,2.66,75.003,0.025018967,2.611583155,71.8
2006,Cameroon,15.7,1262.871906,54.856,,49,,0.286834797,17.66597472,
2006,"Gambia, The",3.1,638.0769465,59.06,,38.07969666,,0.208730937,23.62802651,
2006,Iceland,100,50731.69069,81.15853659,,100,80.13,7.610227071,99.29358371,0.1
2006,"Korea, Dem. People's Rep.",3.7,,69.085,,,,3.257050604,0,
2006,"Korea, Rep.",100,22196.20775,78.66829268,,100,60.486,10.07162061,83.65798395,0.2
2006,Malta,100,18521.63838,79.43902439,,100,45.771,6.539717943,84.33187905,0.5
2006,Moldova,83.8,2017.442634,68.479,,98.896492,55.618,2.768202482,34.44683759,2
2006,New Caledonia,,,76.07560976,97.30000305,100,,,63.10175667,
2006,Norway,100,74729.76321,80.34390244,,100,69.414,7.983947396,104.4588097,0.1
2006,Portugal,100,19501.23301,78.4195122,,100,57.316,5.744758174,115.9569577,0.1
2006,Somalia,0.7,,50.597,,15.23378582,,0.053926885,5.099688242,
2006,Bhutan,50.5,1535.427874,66.362,,59.67326355,59.6,0.590410837,12.19112973,
2006,Ghana,10.7,1181.558981,59.988,,55.09345008,67.3,0.337618069,22.5435531,
2006,Canada,100,41646.41464,80.54365854,,100,62.836,16.59521392,57.63302795,0.2
2006,Guinea,0.8,653.1193781,55.108,,22.75889397,,0.203780561,,
2007,Andorra,100,42724.58727,,,100,,6.890389929,81.23912599,
2007,Austria,100,43937.71289,80.1804878,,100,56.893,8.588766398,119.4976758,0.4
2007,Burundi,0.2,298.9366604,54.727,,4.654745102,,0.024179919,3.398531004,
2007,Cameroon,16.7,1281.392485,55.165,70.67993927,48.2,79.224,0.335938254,24.85225346,31.4
2007,"Gambia, The",3,637.5310007,59.394,,39.75686264,,0.231743407,45.34980506,
2007,Iceland,100,53646.36902,81.45365854,,100,80.793,7.648363429,104.5678573,0.1
2007,"Korea, Dem. People's Rep.",4.2,,68.911,,,,2.694713273,0,
2007,"Korea, Rep.",100,23365.14021,79.1195122,,100,60.563,10.34626459,92.01288263,
2007,Malta,100,19338.43062,79.79268293,,100,46.626,6.676763604,89.43144673,0.4
2007,Moldova,86.1,2082.786528,68.947,,98.96995544,57.228,2.831716533,48.56606264,1
2007,New Caledonia,,,76.47804878,,100,,,70.71906066,
2007,Norway,100,76115.70667,80.39512195,,100,70.828,8.018448328,106.9661048,0.1
2007,Portugal,100,19950.8441,78.32195122,,100,57.25,5.576951605,127.559973,0.3
2007,Somalia,0.7,,50.515,,20.20820808,,0.056088761,5.396609418,
2007,Bhutan,54.3,1795.071788,66.954,,71.8,,0.58494984,21.92428559,5.9
2007,Ghana,11.7,1201.210818,60.224,,56.91041946,,0.355086316,32.07335231,
2007,Canada,100,42098.43122,80.54365854,,100,63.307,17.38063077,61.70384455,0.2
2007,Guinea,0.8,681.8281758,55.553,,24.07207298,,0.207236096,20.94880928,47.9
2008,Andorra,100,41470.45741,,,100,,7.081822365,84.41522582,
2008,Austria,100,44440.05589,80.43170732,,100,57.558,8.500238419,129.9823149,0.5
2008,Burundi,0.3,300.8413492,55.71,48.08406067,4.8,,0.024003066,5.805480455,
2008,Cameroon,17.6,1281.019837,55.655,,50.55208206,,0.340494883,32.81070684,
2008,"Gambia, The",2.9,656.7039095,60.082,,41.45125198,,0.234930037,64.05433107,
2008,Iceland,100,53821.47082,81.6097561,,100,79.495,6.87628775,106.0453551,0.1
2008,"Korea, Dem. People's Rep.",4.7,,68.958,99.99819183,,,2.976474727,0,
2008,"Korea, Rep.",100,23887.05955,79.51707317,97.96594238,100,60.135,10.49694353,94.23198088,0.2
2008,Malta,100,19948.17139,79.63658537,,100,47.055,6.654713603,93.28353515,0.1
2008,Moldova,88.2,2249.521754,69.394,,99.06063843,58.338,2.840876412,63.56631034,1
2008,New Caledonia,,,76.6804878,,100,,,77.63407975,
2008,Norway,100,75535.21179,80.59268293,,100,71.896,7.733045427,109.2804594,0.2
2008,Portugal,100,19985.69833,78.52439024,,100,57.344,5.383921865,132.7779993,0.1
2008,Somalia,0.8,,51.12,,22.85041046,,0.054059155,5.478437064,
2008,Bhutan,57.8,1859.070447,67.499,,67.55329895,,0.6127263,36.74284546,
2008,Ghana,12.7,1277.822996,60.49,,60.5,,0.327504378,47.56387659,
2008,Canada,100,42063.24012,80.72463415,,100,63.349,16.55942629,66.5065332,0.2
2008,Guinea,0.8,693.1141054,56.044,,25.40247917,,0.205812295,28.11922757,
2009,Andorra,100,40442.80411,,,100,,6.995396198,87.40318475,
2009,Austria,100,42655.19213,80.33170732,,100,57.107,7.721228101,137.0500745,0.7
2009,Burundi,0.2,296.8470949,56.388,,5.386138916,,0.022745628,10.5719406,
2009,Cameroon,18.5,1277.181619,56.102,,51.69436264,,0.364009538,41.43074942,
2009,"Gambia, The",2.8,679.0036124,60.427,,43.15903091,,0.258183853,69.90366425,
2009,Iceland,100,49527.39883,81.75121951,,100,74.524,6.618545113,106.5605395,0.1
2009,"Korea, Dem. People's Rep.",5.1,,69.732,,26,,2.247905123,0.281760571,
2009,"Korea, Rep.",100,23952.81322,79.96829268,,100,59.223,10.68064538,98.67498817,
2009,Malta,100,19573.85799,80.24146341,,100,46.767,6.084945342,101.5843562,0.4
2009,Moldova,90,2117.222032,69.573,,99.16470337,58.85,2.6658053,56.97862537,0.7
2009,New Caledonia,,,76.9804878,,100,57.94,,81.5620914,
2009,Norway,100,73141.30734,80.79512195,,100,70.391,7.753452981,110.8786963,0.1
2009,Portugal,100,19343.28005,78.72682927,,100,55.568,5.327241121,111.3652914,0.2
2009,Somalia,0.9,,51.853,,25.50599861,,0.052378351,5.464603394,
2009,Bhutan,61.2,1961.938759,67.897,,71.51531219,66.94,0.568786747,48.58086395,
2009,Ghana,13.9,1306.185146,60.946,,61.05865097,,0.37354771,60.55492814,
2009,Canada,100,40368.93151,81.06609756,,100,61.584,15.50450587,70.88158252,0.2
2009,Guinea,0.8,668.8147425,56.348,,26.74627113,,0.211958042,34.81576235,
2010,Andorra,100,40937.2933,,,100,,7.223590934,91.57706344,
2010,Austria,100,43334.50896,80.5804878,,100,57.343,8.36562481,146.3739125,0.5
2010,Burundi,0.2,297.7917271,57.081,,5.3,,0.035423906,18.38612295,
2010,Cameroon,19.2,1277.265693,56.582,71.29051208,52.84618759,73.1,0.352871883,43.44821591,
2010,"Gambia, The",2.6,697.1625678,60.717,,46.79580688,,0.224129254,76.31064253,29.8
2010,Iceland,100,48193.7014,81.89756098,,100,74.303,6.159973085,107.1447195,0.1
2010,"Korea, Dem. People's Rep.",5.7,,70.419,,29.30030632,,2.093854378,1.749620794,
2010,"Korea, Rep.",100,25455.61748,80.11707317,,100,59.322,11.60782984,104.0034362,0.5
2010,Malta,100,20557.73775,81.39756098,,100,47.295,6.240169068,108.793686,0.2
2010,Moldova,91.4,2269.809686,69.357,,99.27832794,61.487,2.897999339,69.34374716,0.4
2010,New Caledonia,,,77.2804878,,100,,,84.46405484,
2010,Norway,100,72804.39562,80.99756098,,100,69.269,8.205017864,114.5108913,0.2
2010,Portugal,100,19670.36107,79.02682927,,100,54.631,4.817631537,115.3184225,0.1
2010,Somalia,1.1,,50.563,,52.27222824,,0.052483447,5.389697048,
2010,Bhutan,64.4,2171.9098,68.43,,73.28291087,65.89,0.699034466,55.89044047,
2010,Ghana,15.1,1374.985027,61.157,71.49707031,64.2,67.073,0.405971225,68.18041285,
2010,Canada,100,41156.14519,81.32219512,,100,61.569,15.79453766,76.03888561,0.2
2010,Guinea,0.8,683.9845848,56.72,25.30773926,28.09961128,,0.243682824,38.94563268,
2011,Andorra,100,41486.21896,,,100,,6.957586407,92.17208933,
2011,Austria,100,44451.00019,80.98292683,,100,57.558,8.136189778,155.1932739,0.4
2011,Burundi,0.2,299.0171757,57.769,,6.155723095,,0.037998112,20.24788559,
2011,Cameroon,20,1283.567041,57.133,,53.7,,0.332610017,51.28211222,
2011,"Gambia, The",2.6,620.9482229,61.526,,48.31798935,,0.223649943,70.12083803,
2011,Iceland,100,48933.54566,82.35853659,,100,74.191,5.919332694,107.764655,0.1
2011,"Korea, Dem. People's Rep.",6.2,,70.978,,31.43327141,,1.496901866,4.034895552,
2011,"Korea, Rep.",100,26191.64426,80.56829268,,100,59.69,11.98480362,106.7865025,
2011,Malta,100,20566.42777,80.74634146,93.30735779,100,48.155,6.18135432,123.1784046,0.2
2011,Moldova,92.6,2403.260539,69.192,,99.39765167,62.671,2.916944425,89.48951998,0.2
2011,New Caledonia,,,76.63170732,,100,,,85.35733598,
2011,Norway,100,72660.67541,81.29512195,,100,69.036,7.888270913,115.5824466,0.1
2011,Portugal,100,19365.18165,80.47073171,94.47705078,100,52.82,4.723430414,116.7515206,0.5
2011,Somalia,1.2,,51.304,,52.00972748,,0.051772812,14.73376335,
2011,Bhutan,67.9,2319.590936,68.881,,81.78115845,65.25,1.043274441,67.8772798,
2011,Ghana,16.3,1530.359335,61.652,,64.06256,,0.412238584,80.76734585,
2011,Canada,100,42037.51874,81.48268293,,100,61.797,15.99827172,78.19708293,0.2
2011,Guinea,0.8,704.7373237,57.019,,29.45865822,,0.249028469,46.16948108,
2012,Andorra,100,39174.91569,,,100,,6.86229282,89.93550386,
2012,Austria,100,44549.8817,80.93658537,,100,57.67,7.723851662,161.1931998,0.6
2012,Burundi,0.2,301.4813193,58.493,,6.5,,0.037180418,22.94044018,
2012,Cameroon,20.6,1305.668033,57.792,,55.1631279,,0.326477591,62.32232653,
2012,"Gambia, The",2.4,633.5827209,62.096,,49.85640717,53.405,0.219746203,74.05049165,
2012,Iceland,100,49191.57442,82.91707317,,100,75.086,5.799211764,109.7000115,0
2012,"Korea, Dem. People's Rep.",6.8,,71.626,,33.56810379,,1.546277549,6.830664218,
2012,"Korea, Rep.",100,26680.27544,80.8195122,,100,59.978,11.95852705,108.0393019,0.2
2012,Malta,100,21221.60571,80.74634146,,100,49.316,6.465283267,123.800729,0.1
2012,Moldova,93.6,2389.400915,69.143,,99.5188446,63.369,2.844887502,102.1981124,0.1
2012,New Caledonia,,,77.07804878,,100,,,85.1449676,
2012,Norway,100,73661.67859,81.45121951,,100,69.185,7.725323513,115.509809,0.1
2012,Portugal,100,18654.95753,80.37317073,,100,50.802,4.585926334,113.2623797,0.7
2012,Somalia,1.4,,53.161,,51.76345825,,0.05029611,18.48826148,
2012,Bhutan,70.4,2411.896403,69.326,55.31755829,91.5,63.08,1.156355518,77.77759289,1.7
2012,Ghana,17.7,1631.919362,62.081,,56.51,,0.479415246,95.38200979,25.7
2012,Canada,100,42315.80739,81.66365854,,100,61.903,15.73682394,79.90342869,0.2
2012,Guinea,0.8,728.3684373,57.406,,26.2,,0.228832188,51.76438441,24.5
2013,Andorra,100,37597.72299,,,100,,6.674233189,89.58187372,
2013,Austria,100,44299.37818,81.13658537,,100,57.538,7.754017979,156.5179428,0.3
2013,Burundi,0.2,305.2908352,59.235,,6.9,,0.036100027,24.99444805,65.1
2013,Cameroon,21.2,1332.860004,58.476,,56.32056046,,0.347933814,72.41147607,
2013,"Gambia, The",2.3,632.1971516,62.114,41.95005035,51.5,,0.202647787,87.01025804,
2013,Iceland,100,50946.81626,82.06097561,,100,76.346,6.27555874,109.9498803,0
2013,"Korea, Dem. People's Rep.",7.4,,72.319,,35.7009697,,1.105083594,9.679295734,
2013,"Korea, Rep.",100,27399.61595,81.27073171,,100,60.195,11.89003693,109.1472515,
2013,Malta,100,22071.06515,81.74634146,,100,50.816,5.567332681,127.2274727,0
2013,Moldova,94.4,2606.193066,69.099,,99.63806915,64.013,2.511402112,108.2043477,0
2013,New Caledonia,,,77.17804878,,100,,,87.01346628,
2013,Norway,100,73515.91449,81.75121951,,100,68.643,7.801169496,112.0335357,0.1
2013,Portugal,100,18584.55405,80.72195122,,100,49.685,4.451935228,114.5869644,0.9
2013,Somalia,1.6,459.7040746,53.843,,51.54965973,,0.050527194,40.32683174,
2013,Bhutan,73.1,2436.85978,69.707,,87.42046356,60,1.245731517,74.68047217,
2013,Ghana,18.9,1708.828005,62.42,,70.7,74.481,0.504973607,101.8197062,
2013,Canada,100,42846.2842,81.74487805,,100,62.047,15.84080976,80.8813881,0.5
2013,Guinea,0.8,738.8405928,57.791,,32.17852402,,0.195379103,67.26532573,
2014,Andorra,100,38402.6673,,,100,,6.445930663,92.48694535,
2014,Austria,100,44245.16874,81.4902439,,100,57.16,7.260930858,151.5621925,0.2
2014,Burundi,0.2,307.7655313,59.868,61.51348877,7,77.7,0.034759697,30.42671535,
2014,Cameroon,21.6,1366.966595,58.935,,56.8,69.551,0.368742288,76.4097583,25.7
2014,"Gambia, The",2.1,605.033694,62.269,,53.04151154,,0.231519233,104.3248597,
2014,Iceland,100,51233.24405,82.86097561,,100,78.121,6.254085392,112.9417905,0
2014,"Korea, Dem. People's Rep.",7.9,,72.942,,37.82880402,,1.24266247,11.14377697,
2014,"Korea, Rep.",100,28100.01028,81.72195122,,100,60.97,11.58871562,113.3160079,0.2
2014,Malta,100,23286.22645,82.04634146,,100,52.104,5.422291156,122.3518897,0
2014,Moldova,95.1,2738.161973,69.031,99.3598938,99.75226593,68.261,2.698635146,111.9756969,0
2014,New Caledonia,,,77.23658537,,100,54.67,,86.5746907,
2014,Norway,100,74180.32387,82.1,,100,62.596,7.716801577,111.6785885,0.1
2014,Portugal,100,18833.05183,81.12195122,,100,50.637,4.416000981,114.2890262,0.5
2014,Somalia,1.7,477.3395696,54.277,,51.37918854,,0.048530212,41.32468921,
2014,Bhutan,75.5,2551.483073,70.049,,91.39260101,60.96,1.374876588,84.81429524,
2014,Ghana,20.2,1715.823963,63.045,,78.3,,0.474057678,107.6762148,
2014,Canada,100,43635.09548,81.78439024,,100,61.654,15.85217722,81.31427412,0.2
2014,Guinea,0.8,747.3634109,57.886,32.0038414,33.53244019,,0.196384745,76.6188968,
2015,Andorra,100,38885.54859,,,100,,6.485769241,99.42853957,
2015,Austria,100,44195.81759,81.1902439,,100,57.115,7.318859537,155.8663134,0.7
2015,Burundi,0.2,289.3596272,60.217,,7.890114784,,0.034193618,46.58923322,
2015,Cameroon,22,1399.675336,59.658,,58.62038803,,0.369370823,78.91603165,
2015,"Gambia, The",2,611.6712191,62.494,50.77796936,54.68837357,,0.260037912,120.5286503,13.4
2015,Iceland,100,52951.68151,82.46829268,,100,79.69,6.219488234,115.9665922,0
2015,"Korea, Dem. People's Rep.",8.6,,72.784,,39.95166016,,0.993803353,12.82761135,
2015,"Korea, Rep.",100,28737.43917,82.02439024,,100,60.935,11.91468649,115.5716703,
2015,Malta,100,24921.71418,81.89756098,,100,52.743,3.723376766,114.8018196,0.1
2015,Moldova,95.8,2749.913038,69.24,,99.86148071,68.964,2.828160162,113.2956183,0
2015,New Caledonia,,32428.57223,77.2804878,,100,,,91.96027304,
2015,Norway,100,74809.9658,82.30487805,,100,62.187,7.764858661,110.1059349,0.2
2015,Portugal,100,19250.10654,81.12439024,,100,51.289,4.812853275,113.0168861,0.5
2015,Somalia,2,507.4829155,54.857,,51.24136734,,0.046948882,42.40075455,
2015,Bhutan,77.7,2695.636924,70.343,,95.3597641,61.6,1.402040163,90.91492505,
2015,Ghana,21.4,1711.271317,63.175,,74.00026703,64.539,0.49602474,121.2582209,
2015,Canada,100,43596.13554,81.81560976,,100,61.582,15.64990728,83.30038912,0.2
2015,Guinea,0.8,756.4255898,58.134,,34.88138199,,0.216953418,92.58559996,
2016,Andorra,100,39886.65882,,,100,,6.465288117,104.9517508,
2016,Austria,100,44590.25163,81.64146341,,100,57.427,7.290777216,126.8182509,0.7
2016,Burundi,0.2,282.9759666,60.793,,8.477998734,,0.040538085,49.13927197,
2016,Cameroon,22.3,1420.029872,60.233,,59.76366425,,0.378493592,78.93806963,
2016,"Gambia, The",2,606.3162003,63.013,,56.35076904,,0.255997956,122.480565,
2016,Iceland,100,55513.6423,82.20487805,,100,81.311,4.868247282,119.6434051,0
2016,"Korea, Dem. People's Rep.",9.2,,72.805,,42.07036591,,1.107842889,14.20265951,
2016,"Korea, Rep.",100,29467.12434,82.27560976,,100,60.888,12.0162046,119.46123,0.2
2016,Malta,100,25181.4771,82.45365854,,100,54.071,2.969764316,125.1793331,0.1
2016,Moldova,96.3,2911.337767,69.917,,99.93734741,68.795,2.904908914,117.468078,0.1
2016,New Caledonia,,,76.93170732,,100,,,,
2016,Norway,100,75017.49447,82.40731707,,100,61.499,7.56103856,109.4141225,0.3
2016,Portugal,100,19700.91,81.12439024,,100,51.977,4.716035676,111.9942091,0.4
2016,Somalia,2.2,520.0980318,55.044,,51.11907578,,0.04578514,46.54803903,
2016,Bhutan,79.75,2889.493887,70.602,,99.32277679,,1.638388767,93.14595832,
2016,Ghana,22.9,1728.097077,63.89,,79.3,,0.492155068,129.6091402,25.2
2016,Canada,100,43536.9134,81.92487805,,100,61.283,15.42182253,85.15367591,0.2
2016,Guinea,0.8,816.8470793,58.763,,33.5,,0.235227854,93.11888331,
2017,Andorra,100,39321.63278,,,100,,6.302097864,108.8046481,
2017,Austria,100,45281.7234,81.64390244,,100,57.703,7.487036755,123.4328495,0.3
2017,Burundi,0.2,277.9598031,61.553,68.37532806,9.3,77.76,0.047429124,53.073037,
2017,Cameroon,22.5,1429.234685,60.81,,60.90362167,,0.372071195,82.54515063,
2017,"Gambia, The",1.9,618.4807687,62.995,,56.2,,0.252941606,124.5599874,
2017,Iceland,100,56501.45768,82.66097561,,100,80.611,4.866045428,116.7618266,0
2017,"Korea, Dem. People's Rep.",9.9,,72.978,,44.18574905,,2.127501061,14.93161965,
2017,"Korea, Rep.",100,30312.88885,82.62682927,,100,61.16,12.19149342,123.581176,
2017,Malta,100,27164.30042,82.34634146,,100,55.585,3.250434296,126.1236254,0.2
2017,Moldova,96.6,3085.738894,70.516,,99.98,67.222,2.926840954,117.8002494,0
2017,New Caledonia,,,77.53902439,,100,53.158,,,
2017,Norway,100,76247.41166,82.6097561,,100,61.076,7.42375167,108.380522,0.3
2017,Portugal,100,20441.4858,81.42439024,,100,53.714,5.171956157,114.1311837,0.4
2017,Somalia,2.4,547.6166859,55.654,,52.1,,0.044058817,47.89352903,
2017,Bhutan,81.5,2998.473207,70.847,66.5611496,97.7,,1.731865667,96.62766062,0.9
2017,Ghana,24.4,1827.273918,64.013,,79,68.936,0.500789782,121.6049315,
2017,Canada,100,44325.48834,81.83292683,,100,61.802,15.54719472,86.70104032,0.2
2017,Guinea,0.9,878.1792715,59.109,,35.4,,0.271355057,95.58208181,
2018,Andorra,100,39320.11092,,,100,,6.59405703,110.1329103,
2018,Austria,100,46154.6251,81.69268293,,100,58.298,7.141140211,124.2461975,0.6
2018,Burundi,0.2,274.1319085,61.688,,9.509292603,,0.05785023,54.97002994,
2018,Cameroon,22.6,1445.267771,61.18,77.07103729,62.2,,0.388794448,73.59740879,
2018,"Gambia, The",1.8,645.9381872,63.04,,60.3,58.386,0.244507378,130.1227936,
2018,Iceland,100,57697.80442,82.86097561,,100,79.631,4.817688768,116.5506905,
2018,"Korea, Dem. People's Rep.",10.4,,73.031,99.99819183,46.29864502,,1.954950024,,
2018,"Korea, Rep.",100,31059.26681,82.62682927,98.80000305,100,60.941,12.21645617,128.4051056,
2018,Malta,100,28177.54954,82.44878049,,100,57.878,3.203474816,125.2767573,0.1
2018,Moldova,97,3268.425967,70.492,,99.99,66.222,3.160420552,115.7581058,0
2018,New Caledonia,,,80.00309756,,100,51.097,,,
2018,Norway,100,76373.64746,82.75853659,,100,61.679,7.261315879,107.6910276,0.3
2018,Portugal,100,21057.61748,81.32439024,,100,54.973,4.809612613,115.2549871,0.3
2018,Somalia,2.7,543.9980799,56.375,,50.73001862,,0.042573227,49.6592909,
2018,Bhutan,83.1,3079.143963,71.129,,99.95767212,60.506,1.908289769,92.31829061,
2018,Ghana,25.7,1899.808422,64.122,,80.4,,0.543393317,132.601312,
2018,Canada,100,44917.48373,81.84390244,,100,61.955,15.63665416,89.67401709,0.2
2018,Guinea,0.9,910.6526419,59.349,39.6176796,45,,0.297494262,95.6840313,13.8
2019,Andorra,100,39413.80939,,,100,,6.287203804,115.1500465,
2019,Austria,100,46616.35917,81.89512195,,100,58.514,7.263331201,120.7891044,0.6
2019,Burundi,0.2,270.1372774,62.351,,9.839400291,,0.059571339,55.00739463,
2019,Cameroon,22.7,1454.564069,61.584,,63.17689514,,0.370691707,83.00540281,
2019,"Gambia, The",1.8,668.6351226,63.755,,62.1,,0.241900479,103.0224594,
2019,Iceland,100,57493.41953,83.16341463,,100,78.39,4.543450104,114.5997217,
2019,"Korea, Dem. People's Rep.",11.1,,73.198,,48.40988541,,2.156763691,16.51301564,
2019,"Korea, Rep.",100,31645.94983,83.22682927,,100,61.189,11.82528359,132.9873505,
2019,Malta,100,29003.58181,82.85853659,,100,59.273,3.290468236,125.9617103,0.3
2019,Moldova,97.2,3439.12964,70.935,,100,68.29,3.348667379,116.2198572,0
2019,New Caledonia,,,80.41970732,,100,51.563,,91.10851024,
2019,Norway,100,76712.28713,82.95853659,,100,61.817,7.042320943,107.9941993,0.2
2019,Portugal,100,21617.41162,81.67560976,,100,55.419,4.332448043,115.7418865,0.1
2019,Somalia,3.1,543.6143913,57.078,,49.2,27.623,0.041029203,51.47891598,
2019,Bhutan,84.6,3233.597889,71.391,,100,64.559,1.867200723,95.0199294,
2019,Ghana,27.3,1981.61375,64.74,,83.5,,0.572264896,129.6132895,
2019,Canada,100,45113.06628,82.22878049,,100,62.295,15.05274694,91.59004081,0.2
2019,Guinea,0.9,937.7031315,59.72,,42.2,50.225,0.350765779,99.96476034,
2020,Andorra,100,34394.4302,,,100,,5.777147992,103.4491634,
2020,Austria,100,43343.9719,81.19268293,,100,57.651,6.632645737,120.3155961,0.7
2020,Burundi,0.2,263.3609887,61.566,,9.1,77.748,0.058384022,54.26373457,
2020,Cameroon,22.8,1419.328208,60.833,78.23000336,64.31187439,,0.374782658,84.36916915,
2020,"Gambia, The",1.8,655.5761192,62.612,,62.23400116,,0.237529599,104.038819,17.2
2020,Iceland,100,52486.03905,83.06341463,,100,74.653,3.947465365,114.9221778,
2020,"Korea, Dem. People's Rep.",11.8,,73.274,,50.52029419,,2.027148619,23.19515861,
2020,"Korea, Rep.",100,31378.15793,83.42682927,,100,60.342,10.99002958,136.0094467,
2020,Malta,100,26077.62734,82.34878049,,100,59.564,3.125557893,122.8511054,0.3
2020,Moldova,97.5,3189.336377,70.166,,100,68.839,3.267846368,110.876909,
2020,New Caledonia,,,80.83495122,,100,49.951,,90.78117198,
2020,Norway,100,75287.20595,83.2097561,,100,61.011,6.72508005,108.285471,
2020,Portugal,100,19802.22891,80.97560976,,100,54.062,3.784907587,115.078977,0.5
2020,Somalia,3.4,511.8988094,55.967,,49.86356354,,0.039934653,53.48002324,
2020,Bhutan,86,2884.208737,71.609,,100,64.415,1.340054317,96.4571149,
2020,Ghana,28.7,1951.064469,64.114,80.37999725,85.44056702,,0.602887453,125.7336966,
2020,Canada,100,42366.48714,81.6704878,,100,58.107,13.59937492,85.40841921,
2020,Guinea,0.9,959.431973,59.327,,44.74542236,,0.343646151,104.466802,
2021,Andorra,100,36616.11796,,,100,,,118.6729762,
2021,Austria,100,44984.41974,81.23902439,,100,57.202,,121.9694798,
2021,Burundi,0.2,264.3648329,61.663,,10.23382759,,,61.67128229,
2021,Cameroon,22.8,1428.562585,60.333,,65.44670868,,,79.9676844,
2021,"Gambia, The",1.7,666.4710868,62.083,,63.69736099,,,101.4408792,
2021,Iceland,100,53960.10337,83.11707317,,100,69.08,,118.0741761,
2021,"Korea, Dem. People's Rep.",12.5,,73.284,,52.63056183,,,23.10188288,
2021,"Korea, Rep.",100,32786.692,83.52682927,,100,60.782,,140.5658819,
2021,Malta,100,29103.69739,82.86097561,94.94000244,100,60.602,,123.3832876,
2021,Moldova,97.6,3688.652425,68.846,99.59999847,100,71.935,,127.3941322,0
2021,New Caledonia,,,79.12734146,,100,,,90.34051425,
2021,Norway,100,77805.00755,83.16341463,,100,62.927,,109.6884687,
2021,Portugal,100,20807.52768,81.07317073,96.77999878,100,54.004,,120.9425503,
2021,Somalia,3.8,512.4512395,55.28,,49.3240242,,,51.82360917,
2021,Bhutan,87,2992.439287,71.815,,100,65.775,,100.0671395,
2021,Ghana,30.3,2009.359083,63.795,,86.3,,,123.2115092,
2021,Canada,100,44234.54214,82.59660976,,100,60.468,,88.09065504,
2021,Guinea,1,972.7790298,58.892,45.33000183,46.81386948,,,101.9442494,
2022,Andorra,,39447.53825,,,,,,142.2141211,
2022,Austria,,46697.85652,,,,58.441,,123.4348071,
2022,Burundi,,262.1848047,,75.54000092,,,,57.96130144,
2022,Cameroon,,1441.794905,,,,,,82.77764316,
2022,"Gambia, The",,678.3617221,,58.66999817,,,,,
2022,Iceland,,56429.29978,,,,71.776,,122.5171495,
2022,"Korea, Dem. People's Rep.",,,,,,,,,
2022,"Korea, Rep.",,33719.38642,,,,62.371,,148.5880603,
2022,Malta,,30379.5968,,,,62.217,,131.5920538,
2022,Moldova,,3582.190854,,,,71.872,,127.4162572,
2022,New Caledonia,,,,,,,,,
2022,Norway,,79636.27455,,,,63.947,,110.6788541,
2022,Portugal,,22125.93919,,,,55.093,,124.5494123,
2022,Somalia,,509.0526065,,41.02500153,,,,50.25710738,
2022,Bhutan,,,,72.09999847,,59.341,,94.89274144,0
2022,Ghana,,2031.428339,,,,,,119.6243981,
2022,Canada,,44928.58876,,,,61.982,,91.23062536,
2022,Guinea,,994.4369972,,,,,,,
